﻿pos_x,pos_y,rotation,side,designator,mpn,pack,value,mount_type,place
144.8606,-76.9502,0.0,top,C1,,C_Disc_D3.0mm_W1.6mm_P2.50mm,27pF,tht,True
144.8606,-80.1002,0.0,top,C2,,C_Disc_D3.0mm_W1.6mm_P2.50mm,27pF,tht,True
145.0504,-71.0002,0.0,top,C3,,CP_Radial_D5.0mm_P2.00mm,10uF,tht,True
131.2506,-77.5002,0.0,top,D1,,D_DO-41_SOD81_P10.16mm_Horizontal,1N5819,tht,True
109.6506,-116.2502,0.0,top,J1,,PinHeader_1x04_P2.54mm_Vertical,UART connector,tht,True
109.6506,-93.8502,0.0,top,J2,,PinHeader_2x08_P2.54mm_Vertical,Conn_02x08_Row_Letter_First,tht,True
102.4506,-93.8502,0.0,top,J3,,PinHeader_2x16_P2.54mm_Vertical,Conn_02x16_Counter_Clockwise,tht,True
130.9506,-61.2002,0.0,top,R1,,R_Axial_DIN0207_L6.3mm_D2.5mm_P10.16mm_Horizontal,3.3k,tht,True
130.9506,-65.2502,0.0,top,R2,,R_Axial_DIN0207_L6.3mm_D2.5mm_P10.16mm_Horizontal,3.3k,tht,True
130.9506,-69.3002,0.0,top,R3,,R_Axial_DIN0207_L6.3mm_D2.5mm_P10.16mm_Horizontal,3.3k,tht,True
130.9506,-73.3502,0.0,top,R4,,R_Axial_DIN0207_L6.3mm_D2.5mm_P10.16mm_Horizontal,3.3k,tht,True
144.7106,-61.2002,0.0,top,SW1,,SW_PUSH_6mm,Reset,tht,True
120.1506,-61.2502,0.0,top,U10,,DIP-14_W7.62mm,74HC04,tht,True
176.2506,-39.2502,0.0,top,U3,,DIP-24_W15.24mm_Socket,MC68B50,tht,True
157.3506,-39.2002,0.0,top,U4,,DIP-40_W15.24mm,6821,tht,True
176.2506,-71.4502,0.0,top,U5,,DIP-14_W7.62mm_Socket,74LS90,tht,True
120.6006,-39.2502,0.0,top,U6,,DIP-16_W7.62mm_Socket,74LS138,tht,True
101.7006,-39.2002,0.0,top,U7,,DIP-40_W15.24mm,MC6802,tht,True
132.3506,-39.2502,0.0,top,U8,,DIP-16_W7.62mm_Socket,74LS138,tht,True
144.1006,-39.2502,0.0,top,U9,,DIP-14_W7.62mm_Socket,74LS04,tht,True
133.4006,-82.9502,0.0,top,Y1,,Crystal_HC49-U_Vertical,4MHz Crystal,tht,True
