﻿designator,quantity,value,pack,mpn,mount_type
"C1, C2",2,27pF,C_Disc_D3.0mm_W1.6mm_P2.50mm,,tht
C3,1,10uF,CP_Radial_D5.0mm_P2.00mm,,tht
D1,1,1N5819,D_DO-41_SOD81_P10.16mm_Horizontal,,tht
J1,1,UART connector,PinHeader_1x04_P2.54mm_Vertical,,tht
J2,1,Conn_02x08_Row_Letter_First,PinHeader_2x08_P2.54mm_Vertical,,tht
J3,1,Conn_02x16_Counter_Clockwise,PinHeader_2x16_P2.54mm_Vertical,,tht
"R1, R2, R3, R4",4,3.3k,R_Axial_DIN0207_L6.3mm_D2.5mm_P10.16mm_Horizontal,,tht
SW1,1,Reset,SW_PUSH_6mm,,tht
U10,1,74HC04,DIP-14_W7.62mm,,tht
U3,1,MC68B50,DIP-24_W15.24mm_Socket,,tht
U4,1,6821,DIP-40_W15.24mm,,tht
U5,1,74LS90,DIP-14_W7.62mm_Socket,,tht
"U6, U8",2,74LS138,DIP-16_W7.62mm_Socket,,tht
U7,1,MC6802,DIP-40_W15.24mm,,tht
U9,1,74LS04,DIP-14_W7.62mm_Socket,,tht
Y1,1,4MHz Crystal,Crystal_HC49-U_Vertical,,tht
