﻿pos_x,pos_y,rotation,side,designator,mpn,pack,value,mount_type,place
169.22,-118.25,0.0,top,C1,,C_Disc_D3.0mm_W1.6mm_P2.50mm,27pF,tht,True
169.22,-121.4,0.0,top,C2,,C_Disc_D3.0mm_W1.6mm_P2.50mm,27pF,tht,True
155.61,-118.8,0.0,top,D1,,D_DO-41_SOD81_P10.16mm_Horizontal,1N5819,tht,True
111.46,-111.8,0.0,top,R1,,R_Axial_DIN0207_L6.3mm_D2.5mm_P10.16mm_Horizontal,3.3k,tht,True
111.46,-115.85,0.0,top,R2,,R_Axial_DIN0207_L6.3mm_D2.5mm_P10.16mm_Horizontal,3.3k,tht,True
111.46,-119.9,0.0,top,R3,,R_Axial_DIN0207_L6.3mm_D2.5mm_P10.16mm_Horizontal,3.3k,tht,True
111.46,-123.95,0.0,top,R4,,R_Axial_DIN0207_L6.3mm_D2.5mm_P10.16mm_Horizontal,3.3k,tht,True
130.36,-59.5,0.0,top,U1,,DIP-24_W15.24mm_Socket,UM6116,tht,True
111.46,-59.45,0.0,top,U10,,DIP-40_W15.24mm,MC6802,tht,True
155.81,-91.7,0.0,top,U12,,DIP-20_W7.62mm_Socket,74LS245,tht,True
167.56,-91.7,0.0,top,U13,,DIP-20_W7.62mm_Socket,74LS245,tht,True
169.16,-59.5,0.0,top,U14,,DIP-14_W7.62mm_Socket,74LS04,tht,True
129.86,-91.65,0.0,top,U2,,DIP-28_W15.24mm,27C512,tht,True
149.76,-59.5,0.0,top,U3,,DIP-24_W15.24mm_Socket,UM6116,tht,True
171.11,-80.2,0.0,top,Y1,,Crystal_HC49-U_Vertical,4MHz Crystal,tht,True
